-- =============================================================================
-- seed.sql — マスタデータ + 動作確認用デモデータ
-- 受け入れ条件: tags / badges / city_types / point_reason_master / point_rules
-- の初期データを投入する。加えてホーム/評価/マイページが動くデモを用意。
-- =============================================================================

-- crypt() / gen_salt()（pgcrypto）は Supabase では extensions スキーマに入る。
-- migration/seed は psql が search_path = "$user", public で実行するため、
-- これを通しておかないと「function crypt(...) does not exist」で落ちる。
set search_path = public, extensions;

-- -----------------------------------------------------------------------------
-- tags : 施策タグ（仕様の8種）
-- -----------------------------------------------------------------------------
insert into public.tags (id, title, category, description) values
  ('a0000000-0000-0000-0000-000000000001', '緑化',       'green',   '植栽・緑地を増やす'),
  ('a0000000-0000-0000-0000-000000000002', 'ベンチ',     'rest',    '休憩できるベンチを設置'),
  ('a0000000-0000-0000-0000-000000000003', '歩道拡幅',   'walk',    '歩道を広げて歩きやすく'),
  ('a0000000-0000-0000-0000-000000000004', '日陰',       'comfort', '木陰・シェードで暑さ対策'),
  ('a0000000-0000-0000-0000-000000000005', '自転車レーン','mobility','自転車の走行空間を確保'),
  ('a0000000-0000-0000-0000-000000000006', '交通抑制',   'mobility','通過交通を抑える'),
  ('a0000000-0000-0000-0000-000000000007', '防犯照明',   'safety',  '夜間の安全のための照明'),
  ('a0000000-0000-0000-0000-000000000008', 'バリアフリー','access', '段差解消・誰もが移動しやすく');

-- -----------------------------------------------------------------------------
-- point_reason_master : ポイント付与理由
-- -----------------------------------------------------------------------------
insert into public.point_reason_master (reason_code, title, description, category, default_amount) values
  ('signup_bonus',               '初回登録ボーナス',     '初めて登録したときのボーナス', 'onboarding', 100),
  ('profile_completed',          'プロフィール入力完了', 'プロフィールを充実させた',     'onboarding', 50),
  ('post_created',               'アイデアを投稿した',   '投稿を公開した',               'activity',   50),
  ('daily_evaluation_completed', '今日の評価を完了した', '1日の評価をやりきった',        'activity',   30),
  ('comment_created',            'コメントした',         'コメントを投稿した',           'activity',   10),
  ('early_evaluation',           'いちはやく評価した',   '人気になる前に応援した',       'bonus',      500),
  ('post_high_support',          '投稿が高評価された',   '投稿が多くの応援を集めた',     'bonus',      100),
  ('post_selected_by_admin',     '投稿が行政に採用された','行政にアイデアが採用された',  'bonus',      1000),
  ('workshop_joined',            'ワークショップに参加した','現地イベントに参加した',     'activity',   0),
  ('reward_redeemed',            '特典に交換した',       'ポイントを特典に交換した',     'reward',     0),
  ('admin_adjustment',           '運営調整',             '運営によるポイント調整',       'adjustment', 0);

-- -----------------------------------------------------------------------------
-- point_rules : 付与ルール（しきい値+金額）
-- -----------------------------------------------------------------------------
insert into public.point_rules (reason_code, threshold_type, threshold_value, amount) values
  ('signup_bonus',               null,            null, 100),
  ('profile_completed',          null,            null, 50),
  ('post_created',               null,            null, 50),
  ('daily_evaluation_completed', 'evaluation_count', 10, 30),
  ('comment_created',            null,            null, 10),
  ('early_evaluation',           'support_count', 10,   500),
  ('post_high_support',          'support_count', 100,  100),
  ('post_selected_by_admin',     null,            null, 1000);

-- -----------------------------------------------------------------------------
-- badges
-- -----------------------------------------------------------------------------
insert into public.badges (id, title, description, condition_type, condition_value) values
  ('d0000000-0000-0000-0000-000000000001', '初回投稿',       '初めてアイデアを投稿', 'post_count',       1),
  ('d0000000-0000-0000-0000-000000000002', '市民レビュアー', '評価を100件達成',      'evaluation_count', 100),
  ('d0000000-0000-0000-0000-000000000003', '人気アイデア',   '投稿が高評価を獲得',    'high_support',     1),
  ('d0000000-0000-0000-0000-000000000004', 'ワークショップ参加','現地イベントに参加', 'workshop_count',   1),
  ('d0000000-0000-0000-0000-000000000005', '早期発掘者',     'いちはやく応援した',    'early_eval_count', 1);

-- -----------------------------------------------------------------------------
-- city_types : 街タイプ（診断結果）
-- -----------------------------------------------------------------------------
insert into public.city_types (id, title, description, main_tag_ids) values
  ('e0000000-0000-0000-0000-000000000001', 'グリーン回廊派', '緑・歩きやすさ・滞在空間を重視するタイプ',
     array['a0000000-0000-0000-0000-000000000001','a0000000-0000-0000-0000-000000000004']::uuid[]),
  ('e0000000-0000-0000-0000-000000000002', 'モビリティ派',   '移動のしやすさ・自転車・交通を重視するタイプ',
     array['a0000000-0000-0000-0000-000000000005','a0000000-0000-0000-0000-000000000006']::uuid[]),
  ('e0000000-0000-0000-0000-000000000003', '安心安全派',     '防犯・バリアフリー・誰もが使える街を重視',
     array['a0000000-0000-0000-0000-000000000007','a0000000-0000-0000-0000-000000000008']::uuid[]),
  ('e0000000-0000-0000-0000-000000000004', 'にぎわい派',     'ベンチ・広場・人が集まる空間を重視',
     array['a0000000-0000-0000-0000-000000000002','a0000000-0000-0000-0000-000000000003']::uuid[]);

-- =============================================================================
-- デモユーザー（auth.users へ挿入 → handle_new_user で profiles/settings 自動作成）
-- パスワードは全員 'password123'
-- =============================================================================
insert into auth.users (
  instance_id, id, aud, role, email, encrypted_password,
  email_confirmed_at, raw_app_meta_data, raw_user_meta_data,
  created_at, updated_at, confirmation_token, email_change,
  email_change_token_new, recovery_token
)
values
  ('00000000-0000-0000-0000-000000000000','11111111-1111-1111-1111-111111111111','authenticated','authenticated','midori@example.com',   crypt('password123', gen_salt('bf')), now(), '{"provider":"email","providers":["email"]}', '{"name":"みどりの人"}',     now(), now(), '', '', '', ''),
  ('00000000-0000-0000-0000-000000000000','22222222-2222-2222-2222-222222222222','authenticated','authenticated','machi@example.com',    crypt('password123', gen_salt('bf')), now(), '{"provider":"email","providers":["email"]}', '{"name":"まちの探検家"}',   now(), now(), '', '', '', ''),
  ('00000000-0000-0000-0000-000000000000','33333333-3333-3333-3333-333333333333','authenticated','authenticated','future@example.com',   crypt('password123', gen_salt('bf')), now(), '{"provider":"email","providers":["email"]}', '{"name":"フューチャーさん"}',now(), now(), '', '', '', ''),
  ('00000000-0000-0000-0000-000000000000','44444444-4444-4444-4444-444444444444','authenticated','authenticated','sanpo@example.com',    crypt('password123', gen_salt('bf')), now(), '{"provider":"email","providers":["email"]}', '{"name":"さんぽ好き"}',     now(), now(), '', '', '', ''),
  ('00000000-0000-0000-0000-000000000000','55555555-5555-5555-5555-555555555555','authenticated','authenticated','kouen@example.com',    crypt('password123', gen_salt('bf')), now(), '{"provider":"email","providers":["email"]}', '{"name":"こうえん係"}',     now(), now(), '', '', '', ''),
  ('00000000-0000-0000-0000-000000000000','66666666-6666-6666-6666-666666666666','authenticated','authenticated','minato@example.com',   crypt('password123', gen_salt('bf')), now(), '{"provider":"email","providers":["email"]}', '{"name":"みなと"}',         now(), now(), '', '', '', '');

-- メール/パスワードでログインできるよう auth.identities を補完する。
-- 近年の GoTrue は identities 行が無いとパスワードログインが通らない。
-- provider_id は新しめの CLI で必須。古い CLI で「column provider_id does
-- not exist」が出た場合は provider_id 列だけ削除する。
insert into auth.identities (
  provider_id, user_id, identity_data, provider,
  last_sign_in_at, created_at, updated_at
)
select
  u.id::text,
  u.id,
  jsonb_build_object('sub', u.id::text, 'email', u.email, 'email_verified', true),
  'email',
  now(), now(), now()
from auth.users u
where u.email in (
  'midori@example.com','machi@example.com','future@example.com',
  'sanpo@example.com','kouen@example.com','minato@example.com'
);

-- プロフィール詳細を補完
update public.profiles set area_name='大宮区在住', resident_type='resident', level=4,
  city_type_id='e0000000-0000-0000-0000-000000000001' where id='11111111-1111-1111-1111-111111111111';
update public.profiles set area_name='中央区在住', resident_type='resident', level=3,
  city_type_id='e0000000-0000-0000-0000-000000000002' where id='22222222-2222-2222-2222-222222222222';
update public.profiles set area_name='浦和区在住', resident_type='worker',   level=3,
  city_type_id='e0000000-0000-0000-0000-000000000004' where id='33333333-3333-3333-3333-333333333333';
update public.profiles set area_name='大宮区在住', resident_type='resident', level=2,
  city_type_id='e0000000-0000-0000-0000-000000000003' where id='44444444-4444-4444-4444-444444444444';
update public.profiles set area_name='見沼区在住', resident_type='resident', level=2 where id='55555555-5555-5555-5555-555555555555';
update public.profiles set area_name='桜区在住',   resident_type='visitor',  level=1 where id='66666666-6666-6666-6666-666666666666';

-- バッジ付与（デモ）
insert into public.user_badges (user_id, badge_id) values
  ('11111111-1111-1111-1111-111111111111','d0000000-0000-0000-0000-000000000001'),
  ('11111111-1111-1111-1111-111111111111','d0000000-0000-0000-0000-000000000002'),
  ('11111111-1111-1111-1111-111111111111','d0000000-0000-0000-0000-000000000003'),
  ('11111111-1111-1111-1111-111111111111','d0000000-0000-0000-0000-000000000004');

-- =============================================================================
-- プロジェクト（行政の募集テーマ）
-- =============================================================================
insert into public.projects (id, owner_type, owner_name, title, description, status,
  starts_at, ends_at, reward_points, target_area_name, cover_image_url)
values (
  'c0000000-0000-0000-0000-000000000001', 'gov', 'さいたま市', '大宮駅前の未来',
  'みんなで、歩きたくなる駅前へ。大宮駅前エリアの未来景観アイデアを募集します。',
  'active', now() - interval '7 days', '2025-06-30', 100, '大宮区',
  'https://picsum.photos/seed/omiya/1200/800'
);

insert into public.project_areas (project_id, name, center_lat, center_lng) values
  ('c0000000-0000-0000-0000-000000000001', '大宮駅東口', 35.9069, 139.6238);

-- =============================================================================
-- 投稿（published → トリガで post_metrics 作成 & post_created 付与）
-- =============================================================================
insert into public.posts (id, user_id, project_id, title, body, address_text, status, visibility, published_at) values
  ('b0000000-0000-0000-0000-000000000001','11111111-1111-1111-1111-111111111111','c0000000-0000-0000-0000-000000000001',
    '駅前に緑のプロムナードを','人が歩いて、過ごしたくなる駅前へ。広い歩道沿いに並木とベンチを。','大宮区桜木町','published','public', now() - interval '6 hours'),
  ('b0000000-0000-0000-0000-000000000002','22222222-2222-2222-2222-222222222222','c0000000-0000-0000-0000-000000000001',
    '氷川参道を緑の回廊に','参道沿いの緑を増やし、日陰の多い歩行空間に。','大宮区高鼻町','published','public', now() - interval '1 day'),
  ('b0000000-0000-0000-0000-000000000003','33333333-3333-3333-3333-333333333333','c0000000-0000-0000-0000-000000000001',
    '駅前にひろい歩道と日陰を','夏でも歩きやすいよう、シェードと街路樹で日陰をつくる。','大宮区錦町','published','public', now() - interval '2 days'),
  ('b0000000-0000-0000-0000-000000000004','44444444-4444-4444-4444-444444444444','c0000000-0000-0000-0000-000000000001',
    '駅前にベンチのある緑陰の休憩スポット','歩き疲れたときに座れる、緑に囲まれた小さな広場を。','大宮区大門町','published','public', now() - interval '3 days');

-- 投稿メディア（before / generated）
insert into public.post_media (post_id, media_type, url, width, height) values
  ('b0000000-0000-0000-0000-000000000001','before',   'https://picsum.photos/seed/p1before/1080/1080',1080,1080),
  ('b0000000-0000-0000-0000-000000000001','generated','https://picsum.photos/seed/p1after/1080/1080', 1080,1080),
  ('b0000000-0000-0000-0000-000000000002','before',   'https://picsum.photos/seed/p2before/1080/1080',1080,1080),
  ('b0000000-0000-0000-0000-000000000002','generated','https://picsum.photos/seed/p2after/1080/1080', 1080,1080),
  ('b0000000-0000-0000-0000-000000000003','before',   'https://picsum.photos/seed/p3before/1080/1080',1080,1080),
  ('b0000000-0000-0000-0000-000000000003','generated','https://picsum.photos/seed/p3after/1080/1080', 1080,1080),
  ('b0000000-0000-0000-0000-000000000004','before',   'https://picsum.photos/seed/p4before/1080/1080',1080,1080),
  ('b0000000-0000-0000-0000-000000000004','generated','https://picsum.photos/seed/p4after/1080/1080', 1080,1080);

-- 投稿タグ
insert into public.post_tags (post_id, tag_id) values
  ('b0000000-0000-0000-0000-000000000001','a0000000-0000-0000-0000-000000000001'),
  ('b0000000-0000-0000-0000-000000000001','a0000000-0000-0000-0000-000000000002'),
  ('b0000000-0000-0000-0000-000000000001','a0000000-0000-0000-0000-000000000003'),
  ('b0000000-0000-0000-0000-000000000002','a0000000-0000-0000-0000-000000000001'),
  ('b0000000-0000-0000-0000-000000000002','a0000000-0000-0000-0000-000000000004'),
  ('b0000000-0000-0000-0000-000000000003','a0000000-0000-0000-0000-000000000003'),
  ('b0000000-0000-0000-0000-000000000003','a0000000-0000-0000-0000-000000000004'),
  ('b0000000-0000-0000-0000-000000000004','a0000000-0000-0000-0000-000000000002'),
  ('b0000000-0000-0000-0000-000000000004','a0000000-0000-0000-0000-000000000001');

-- =============================================================================
-- 評価（フリック）→ トリガで post_metrics 再計算 & 支持率算出
-- 各ユーザー1日10件未満に収める。自分の投稿は評価しない。
-- =============================================================================
insert into public.evaluations (user_id, post_id, project_id, action, dwell_ms, source) values
  -- post1（みどりの人）への評価
  ('22222222-2222-2222-2222-222222222222','b0000000-0000-0000-0000-000000000001','c0000000-0000-0000-0000-000000000001','support',3200,'swipe'),
  ('33333333-3333-3333-3333-333333333333','b0000000-0000-0000-0000-000000000001','c0000000-0000-0000-0000-000000000001','support',2800,'swipe'),
  ('44444444-4444-4444-4444-444444444444','b0000000-0000-0000-0000-000000000001','c0000000-0000-0000-0000-000000000001','support',4100,'swipe'),
  ('55555555-5555-5555-5555-555555555555','b0000000-0000-0000-0000-000000000001','c0000000-0000-0000-0000-000000000001','support',1900,'swipe'),
  ('66666666-6666-6666-6666-666666666666','b0000000-0000-0000-0000-000000000001','c0000000-0000-0000-0000-000000000001','skip',   1200,'swipe'),
  -- post2（まちの探検家）への評価
  ('11111111-1111-1111-1111-111111111111','b0000000-0000-0000-0000-000000000002','c0000000-0000-0000-0000-000000000001','support',3000,'swipe'),
  ('33333333-3333-3333-3333-333333333333','b0000000-0000-0000-0000-000000000002','c0000000-0000-0000-0000-000000000001','support',2600,'swipe'),
  ('44444444-4444-4444-4444-444444444444','b0000000-0000-0000-0000-000000000002','c0000000-0000-0000-0000-000000000001','skip',   1500,'swipe'),
  -- post3（フューチャーさん）への評価
  ('11111111-1111-1111-1111-111111111111','b0000000-0000-0000-0000-000000000003','c0000000-0000-0000-0000-000000000001','support',2200,'swipe'),
  ('22222222-2222-2222-2222-222222222222','b0000000-0000-0000-0000-000000000003','c0000000-0000-0000-0000-000000000001','support',2400,'swipe'),
  ('55555555-5555-5555-5555-555555555555','b0000000-0000-0000-0000-000000000003','c0000000-0000-0000-0000-000000000001','support',2000,'swipe'),
  ('66666666-6666-6666-6666-666666666666','b0000000-0000-0000-0000-000000000003','c0000000-0000-0000-0000-000000000001','support',1800,'swipe'),
  -- post4（さんぽ好き）への評価
  ('11111111-1111-1111-1111-111111111111','b0000000-0000-0000-0000-000000000004','c0000000-0000-0000-0000-000000000001','support',2700,'swipe'),
  ('22222222-2222-2222-2222-222222222222','b0000000-0000-0000-0000-000000000004','c0000000-0000-0000-0000-000000000001','skip',   1100,'swipe'),
  ('33333333-3333-3333-3333-333333333333','b0000000-0000-0000-0000-000000000004','c0000000-0000-0000-0000-000000000001','support',2500,'swipe');

-- =============================================================================
-- コメント（→ comment_created 付与 & metrics 更新）
-- =============================================================================
insert into public.comments (post_id, user_id, body, sentiment) values
  ('b0000000-0000-0000-0000-000000000001','22222222-2222-2222-2222-222222222222','歩道が広いと子連れでも安心です。賛成！','positive'),
  ('b0000000-0000-0000-0000-000000000001','44444444-4444-4444-4444-444444444444','ベンチがあると待ち合わせにも良さそう。','positive'),
  ('b0000000-0000-0000-0000-000000000003','55555555-5555-5555-5555-555555555555','夏の日陰は本当に大事。','neutral');

-- 保存
insert into public.saved_posts (user_id, post_id) values
  ('11111111-1111-1111-1111-111111111111','b0000000-0000-0000-0000-000000000003'),
  ('22222222-2222-2222-2222-222222222222','b0000000-0000-0000-0000-000000000001');

-- リアクション
insert into public.reactions (user_id, post_id, type) values
  ('22222222-2222-2222-2222-222222222222','b0000000-0000-0000-0000-000000000001','strong_support'),
  ('44444444-4444-4444-4444-444444444444','b0000000-0000-0000-0000-000000000001','like');

-- =============================================================================
-- 通知 / お知らせ
-- =============================================================================
insert into public.notifications (user_id, project_id, type, title, body) values
  (null, 'c0000000-0000-0000-0000-000000000001','system','「大宮駅前の未来」募集中','6/30まで、あなたのアイデアを投稿しよう。'),
  ('11111111-1111-1111-1111-111111111111', null, 'point','ポイントを獲得しました','投稿が公開され、50ポイントを獲得しました。');

-- =============================================================================
-- AI生成ジョブ（モック・成功例）
-- =============================================================================
insert into public.ai_generation_jobs (user_id, project_id, input_image_url, selected_tag_ids,
  prompt, model, status, output_image_url, completed_at)
values (
  '11111111-1111-1111-1111-111111111111','c0000000-0000-0000-0000-000000000001',
  'https://picsum.photos/seed/p1before/1080/1080',
  array['a0000000-0000-0000-0000-000000000001','a0000000-0000-0000-0000-000000000003']::uuid[],
  '緑化と歩道拡幅を反映した未来景観', 'mock', 'succeeded',
  'https://picsum.photos/seed/p1after/1080/1080', now() - interval '6 hours'
);

-- =============================================================================
-- プロジェクト集計キャッシュ（デモ表示用に手動セット）
-- 実運用ではバッチ/トリガで更新する
-- =============================================================================
insert into public.project_metrics (project_id, post_count, evaluation_count, comment_count,
  participant_count, avg_support_rate, top_tags)
values (
  'c0000000-0000-0000-0000-000000000001', 4, 15, 3, 6, 0.78,
  '{"緑化":3,"日陰":2,"歩道拡幅":2,"ベンチ":2}'
)
on conflict (project_id) do update set
  post_count       = excluded.post_count,
  evaluation_count = excluded.evaluation_count,
  comment_count    = excluded.comment_count,
  participant_count= excluded.participant_count,
  avg_support_rate = excluded.avg_support_rate,
  top_tags         = excluded.top_tags,
  updated_at       = now();
